x,f,model_name,model_type,kernel,bandwidth,u_opt,p_u,location
14.030307371981616,0.009754218448650744,KDE-epanechnikov,body,epanechnikov,0.551,20.040042351293366,0.26875,Guanacaste_PRODUCTIVO
14.042345021076088,0.010237519125538722,KDE-epanechnikov,body,epanechnikov,0.551,20.040042351293366,0.26875,Guanacaste_PRODUCTIVO
14.05438267017056,0.010711892137384592,KDE-epanechnikov,body,epanechnikov,0.551,20.040042351293366,0.26875,Guanacaste_PRODUCTIVO
14.06642031926503,0.01123192871080142,KDE-epanechnikov,body,epanechnikov,0.551,20.040042351293366,0.26875,Guanacaste_PRODUCTIVO
14.078457968359501,0.01175531107053161,KDE-epanechnikov,body,epanechnikov,0.551,20.040042351293366,0.26875,Guanacaste_PRODUCTIVO
14.090495617453973,0.012272692166459116,KDE-epanechnikov,body,epanechnikov,0.551,20.040042351293366,0.26875,Guanacaste_PRODUCTIVO
14.102533266548445,0.012786815824717312,KDE-epanechnikov,body,epanechnikov,0.551,20.040042351293366,0.26875,Guanacaste_PRODUCTIVO
14.114570915642917,0.013300083403022243,KDE-epanechnikov,body,epanechnikov,0.551,20.040042351293366,0.26875,Guanacaste_PRODUCTIVO
14.126608564737388,0.013801725652175597,KDE-epanechnikov,body,epanechnikov,0.551,20.040042351293366,0.26875,Guanacaste_PRODUCTIVO
14.138646213831858,0.014355413332421104,KDE-epanechnikov,body,epanechnikov,0.551,20.040042351293366,0.26875,Guanacaste_PRODUCTIVO
14.15068386292633,0.014944516884840754,KDE-epanechnikov,body,epanechnikov,0.551,20.040042351293366,0.26875,Guanacaste_PRODUCTIVO
14.162721512020802,0.015513848999460487,KDE-epanechnikov,body,epanechnikov,0.551,20.040042351293366,0.26875,Guanacaste_PRODUCTIVO
14.174759161115274,0.016059383841881547,KDE-epanechnikov,body,epanechnikov,0.551,20.040042351293366,0.26875,Guanacaste_PRODUCTIVO
14.186796810209746,0.016617093179563037,KDE-epanechnikov,body,epanechnikov,0.551,20.040042351293366,0.26875,Guanacaste_PRODUCTIVO
14.198834459304218,0.017186068324144637,KDE-epanechnikov,body,epanechnikov,0.551,20.040042351293366,0.26875,Guanacaste_PRODUCTIVO
14.210872108398688,0.017729659711714238,KDE-epanechnikov,body,epanechnikov,0.551,20.040042351293366,0.26875,Guanacaste_PRODUCTIVO
14.22290975749316,0.01826207500223226,KDE-epanechnikov,body,epanechnikov,0.551,20.040042351293366,0.26875,Guanacaste_PRODUCTIVO
14.234947406587631,0.01879517936649518,KDE-epanechnikov,body,epanechnikov,0.551,20.040042351293366,0.26875,Guanacaste_PRODUCTIVO
14.246985055682103,0.01933323714490962,KDE-epanechnikov,body,epanechnikov,0.551,20.040042351293366,0.26875,Guanacaste_PRODUCTIVO
14.259022704776575,0.019844324681498896,KDE-epanechnikov,body,epanechnikov,0.551,20.040042351293366,0.26875,Guanacaste_PRODUCTIVO
14.271060353871047,0.020328441976263004,KDE-epanechnikov,body,epanechnikov,0.551,20.040042351293366,0.26875,Guanacaste_PRODUCTIVO
14.283098002965517,0.020837396745491874,KDE-epanechnikov,body,epanechnikov,0.551,20.040042351293366,0.26875,Guanacaste_PRODUCTIVO
14.295135652059988,0.021383525833559347,KDE-epanechnikov,body,epanechnikov,0.551,20.040042351293366,0.26875,Guanacaste_PRODUCTIVO
14.30717330115446,0.02196257083314441,KDE-epanechnikov,body,epanechnikov,0.551,20.040042351293366,0.26875,Guanacaste_PRODUCTIVO
14.319210950248932,0.0225106793788712,KDE-epanechnikov,body,epanechnikov,0.551,20.040042351293366,0.26875,Guanacaste_PRODUCTIVO
14.331248599343404,0.02302785147073974,KDE-epanechnikov,body,epanechnikov,0.551,20.040042351293366,0.26875,Guanacaste_PRODUCTIVO
14.343286248437876,0.023514087108750057,KDE-epanechnikov,body,epanechnikov,0.551,20.040042351293366,0.26875,Guanacaste_PRODUCTIVO
14.355323897532346,0.023969386292901993,KDE-epanechnikov,body,epanechnikov,0.551,20.040042351293366,0.26875,Guanacaste_PRODUCTIVO
14.367361546626817,0.0244369420689223,KDE-epanechnikov,body,epanechnikov,0.551,20.040042351293366,0.26875,Guanacaste_PRODUCTIVO
14.37939919572129,0.02495364342721679,KDE-epanechnikov,body,epanechnikov,0.551,20.040042351293366,0.26875,Guanacaste_PRODUCTIVO
14.391436844815761,0.02549200699473692,KDE-epanechnikov,body,epanechnikov,0.551,20.040042351293366,0.26875,Guanacaste_PRODUCTIVO
14.403474493910233,0.025998875629258948,KDE-epanechnikov,body,epanechnikov,0.551,20.040042351293366,0.26875,Guanacaste_PRODUCTIVO
14.415512143004705,0.026529044232337463,KDE-epanechnikov,body,epanechnikov,0.551,20.040042351293366,0.26875,Guanacaste_PRODUCTIVO
14.427549792099175,0.027033089570819777,KDE-epanechnikov,body,epanechnikov,0.551,20.040042351293366,0.26875,Guanacaste_PRODUCTIVO
14.439587441193646,0.02750064575859756,KDE-epanechnikov,body,epanechnikov,0.551,20.040042351293366,0.26875,Guanacaste_PRODUCTIVO
14.451625090288118,0.027931712795670735,KDE-epanechnikov,body,epanechnikov,0.551,20.040042351293366,0.26875,Guanacaste_PRODUCTIVO
14.46366273938259,0.02834199019201972,KDE-epanechnikov,body,epanechnikov,0.551,20.040042351293366,0.26875,Guanacaste_PRODUCTIVO
14.475700388477062,0.02873564681521189,KDE-epanechnikov,body,epanechnikov,0.551,20.040042351293366,0.26875,Guanacaste_PRODUCTIVO
14.487738037571532,0.02909202104529278,KDE-epanechnikov,body,epanechnikov,0.551,20.040042351293366,0.26875,Guanacaste_PRODUCTIVO
14.499775686666004,0.029479702900290703,KDE-epanechnikov,body,epanechnikov,0.551,20.040042351293366,0.26875,Guanacaste_PRODUCTIVO
14.511813335760475,0.029847775053343923,KDE-epanechnikov,body,epanechnikov,0.551,20.040042351293366,0.26875,Guanacaste_PRODUCTIVO
14.523850984854947,0.03027547330877447,KDE-epanechnikov,body,epanechnikov,0.551,20.040042351293366,0.26875,Guanacaste_PRODUCTIVO
14.535888633949419,0.03072654112447189,KDE-epanechnikov,body,epanechnikov,0.551,20.040042351293366,0.26875,Guanacaste_PRODUCTIVO
14.547926283043891,0.03115841891664321,KDE-epanechnikov,body,epanechnikov,0.551,20.040042351293366,0.26875,Guanacaste_PRODUCTIVO
14.559963932138361,0.03156898839209581,KDE-epanechnikov,body,epanechnikov,0.551,20.040042351293366,0.26875,Guanacaste_PRODUCTIVO
14.572001581232833,0.03196184812648466,KDE-epanechnikov,body,epanechnikov,0.551,20.040042351293366,0.26875,Guanacaste_PRODUCTIVO
14.584039230327305,0.032334559910932106,KDE-epanechnikov,body,epanechnikov,0.551,20.040042351293366,0.26875,Guanacaste_PRODUCTIVO
14.596076879421776,0.03276967902834084,KDE-epanechnikov,body,epanechnikov,0.551,20.040042351293366,0.26875,Guanacaste_PRODUCTIVO
14.608114528516248,0.033200311275118244,KDE-epanechnikov,body,epanechnikov,0.551,20.040042351293366,0.26875,Guanacaste_PRODUCTIVO
14.62015217761072,0.03359217128190065,KDE-epanechnikov,body,epanechnikov,0.551,20.040042351293366,0.26875,Guanacaste_PRODUCTIVO
14.63218982670519,0.03395741612396376,KDE-epanechnikov,body,epanechnikov,0.551,20.040042351293366,0.26875,Guanacaste_PRODUCTIVO
14.644227475799662,0.034327054853063504,KDE-epanechnikov,body,epanechnikov,0.551,20.040042351293366,0.26875,Guanacaste_PRODUCTIVO
14.656265124894134,0.03468108179717279,KDE-epanechnikov,body,epanechnikov,0.551,20.040042351293366,0.26875,Guanacaste_PRODUCTIVO
14.668302773988605,0.03504333474786566,KDE-epanechnikov,body,epanechnikov,0.551,20.040042351293366,0.26875,Guanacaste_PRODUCTIVO
14.680340423083077,0.03537443206469682,KDE-epanechnikov,body,epanechnikov,0.551,20.040042351293366,0.26875,Guanacaste_PRODUCTIVO
14.692378072177549,0.03565634835231737,KDE-epanechnikov,body,epanechnikov,0.551,20.040042351293366,0.26875,Guanacaste_PRODUCTIVO
14.704415721272019,0.035889542112576694,KDE-epanechnikov,body,epanechnikov,0.551,20.040042351293366,0.26875,Guanacaste_PRODUCTIVO
14.71645337036649,0.03611965085671367,KDE-epanechnikov,body,epanechnikov,0.551,20.040042351293366,0.26875,Guanacaste_PRODUCTIVO
14.728491019460963,0.03637438591928044,KDE-epanechnikov,body,epanechnikov,0.551,20.040042351293366,0.26875,Guanacaste_PRODUCTIVO
14.740528668555434,0.036674240394913564,KDE-epanechnikov,body,epanechnikov,0.551,20.040042351293366,0.26875,Guanacaste_PRODUCTIVO
14.752566317649906,0.0369607866442361,KDE-epanechnikov,body,epanechnikov,0.551,20.040042351293366,0.26875,Guanacaste_PRODUCTIVO
14.764603966744378,0.03719735862194141,KDE-epanechnikov,body,epanechnikov,0.551,20.040042351293366,0.26875,Guanacaste_PRODUCTIVO
14.776641615838848,0.03747043392279492,KDE-epanechnikov,body,epanechnikov,0.551,20.040042351293366,0.26875,Guanacaste_PRODUCTIVO
14.78867926493332,0.03776100553077309,KDE-epanechnikov,body,epanechnikov,0.551,20.040042351293366,0.26875,Guanacaste_PRODUCTIVO
14.800716914027792,0.03806206587364978,KDE-epanechnikov,body,epanechnikov,0.551,20.040042351293366,0.26875,Guanacaste_PRODUCTIVO
14.812754563122263,0.03861096347941266,KDE-epanechnikov,body,epanechnikov,0.551,20.040042351293366,0.26875,Guanacaste_PRODUCTIVO
14.824792212216735,0.039201539781336545,KDE-epanechnikov,body,epanechnikov,0.551,20.040042351293366,0.26875,Guanacaste_PRODUCTIVO
14.836829861311205,0.0397634503768486,KDE-epanechnikov,body,epanechnikov,0.551,20.040042351293366,0.26875,Guanacaste_PRODUCTIVO
14.848867510405677,0.040306310519819914,KDE-epanechnikov,body,epanechnikov,0.551,20.040042351293366,0.26875,Guanacaste_PRODUCTIVO
14.860905159500149,0.040818949261916225,KDE-epanechnikov,body,epanechnikov,0.551,20.040042351293366,0.26875,Guanacaste_PRODUCTIVO
14.87294280859462,0.0412896495554361,KDE-epanechnikov,body,epanechnikov,0.551,20.040042351293366,0.26875,Guanacaste_PRODUCTIVO
14.884980457689093,0.041950732301630336,KDE-epanechnikov,body,epanechnikov,0.551,20.040042351293366,0.26875,Guanacaste_PRODUCTIVO
14.897018106783564,0.042564192787916164,KDE-epanechnikov,body,epanechnikov,0.551,20.040042351293366,0.26875,Guanacaste_PRODUCTIVO
14.909055755878034,0.043129625160676685,KDE-epanechnikov,body,epanechnikov,0.551,20.040042351293366,0.26875,Guanacaste_PRODUCTIVO
14.921093404972506,0.0437146309969761,KDE-epanechnikov,body,epanechnikov,0.551,20.040042351293366,0.26875,Guanacaste_PRODUCTIVO
14.933131054066978,0.04434410540745581,KDE-epanechnikov,body,epanechnikov,0.551,20.040042351293366,0.26875,Guanacaste_PRODUCTIVO
14.94516870316145,0.04490462925718437,KDE-epanechnikov,body,epanechnikov,0.551,20.040042351293366,0.26875,Guanacaste_PRODUCTIVO
14.957206352255922,0.045466217308387506,KDE-epanechnikov,body,epanechnikov,0.551,20.040042351293366,0.26875,Guanacaste_PRODUCTIVO
14.969244001350393,0.04635341053438425,KDE-epanechnikov,body,epanechnikov,0.551,20.040042351293366,0.26875,Guanacaste_PRODUCTIVO
14.981281650444863,0.04723995410754618,KDE-epanechnikov,body,epanechnikov,0.551,20.040042351293366,0.26875,Guanacaste_PRODUCTIVO
14.993319299539335,0.04808960038146262,KDE-epanechnikov,body,epanechnikov,0.551,20.040042351293366,0.26875,Guanacaste_PRODUCTIVO
15.005356948633807,0.04888851885656109,KDE-epanechnikov,body,epanechnikov,0.551,20.040042351293366,0.26875,Guanacaste_PRODUCTIVO
15.017394597728279,0.04967031491969893,KDE-epanechnikov,body,epanechnikov,0.551,20.040042351293366,0.26875,Guanacaste_PRODUCTIVO
15.02943224682275,0.05038183348586941,KDE-epanechnikov,body,epanechnikov,0.551,20.040042351293366,0.26875,Guanacaste_PRODUCTIVO
15.04146989591722,0.05101402781137778,KDE-epanechnikov,body,epanechnikov,0.551,20.040042351293366,0.26875,Guanacaste_PRODUCTIVO
15.053507545011692,0.051583720545561706,KDE-epanechnikov,body,epanechnikov,0.551,20.040042351293366,0.26875,Guanacaste_PRODUCTIVO
15.065545194106164,0.05218699269733334,KDE-epanechnikov,body,epanechnikov,0.551,20.040042351293366,0.26875,Guanacaste_PRODUCTIVO
15.077582843200636,0.052814936664575304,KDE-epanechnikov,body,epanechnikov,0.551,20.040042351293366,0.26875,Guanacaste_PRODUCTIVO
15.089620492295108,0.05349854096696704,KDE-epanechnikov,body,epanechnikov,0.551,20.040042351293366,0.26875,Guanacaste_PRODUCTIVO
15.10165814138958,0.05477579776204052,KDE-epanechnikov,body,epanechnikov,0.551,20.040042351293366,0.26875,Guanacaste_PRODUCTIVO
15.113695790484051,0.05611691917254472,KDE-epanechnikov,body,epanechnikov,0.551,20.040042351293366,0.26875,Guanacaste_PRODUCTIVO
15.125733439578521,0.057483049257926855,KDE-epanechnikov,body,epanechnikov,0.551,20.040042351293366,0.26875,Guanacaste_PRODUCTIVO
15.137771088672993,0.05879255892055943,KDE-epanechnikov,body,epanechnikov,0.551,20.040042351293366,0.26875,Guanacaste_PRODUCTIVO
15.149808737767465,0.060029648437929545,KDE-epanechnikov,body,epanechnikov,0.551,20.040042351293366,0.26875,Guanacaste_PRODUCTIVO
15.161846386861937,0.06121784020183943,KDE-epanechnikov,body,epanechnikov,0.551,20.040042351293366,0.26875,Guanacaste_PRODUCTIVO
15.173884035956409,0.06243736363484233,KDE-epanechnikov,body,epanechnikov,0.551,20.040042351293366,0.26875,Guanacaste_PRODUCTIVO
15.185921685050879,0.06367890795956271,KDE-epanechnikov,body,epanechnikov,0.551,20.040042351293366,0.26875,Guanacaste_PRODUCTIVO
15.19795933414535,0.06483818194489252,KDE-epanechnikov,body,epanechnikov,0.551,20.040042351293366,0.26875,Guanacaste_PRODUCTIVO
15.209996983239822,0.06598934571143844,KDE-epanechnikov,body,epanechnikov,0.551,20.040042351293366,0.26875,Guanacaste_PRODUCTIVO
15.222034632334294,0.06715319369896394,KDE-epanechnikov,body,epanechnikov,0.551,20.040042351293366,0.26875,Guanacaste_PRODUCTIVO
15.234072281428766,0.06826042531255241,KDE-epanechnikov,body,epanechnikov,0.551,20.040042351293366,0.26875,Guanacaste_PRODUCTIVO
15.246109930523238,0.06934197343502145,KDE-epanechnikov,body,epanechnikov,0.551,20.040042351293366,0.26875,Guanacaste_PRODUCTIVO
15.25814757961771,0.07037600246113157,KDE-epanechnikov,body,epanechnikov,0.551,20.040042351293366,0.26875,Guanacaste_PRODUCTIVO
15.27018522871218,0.07133149763864055,KDE-epanechnikov,body,epanechnikov,0.551,20.040042351293366,0.26875,Guanacaste_PRODUCTIVO
15.282222877806651,0.07221478024170529,KDE-epanechnikov,body,epanechnikov,0.551,20.040042351293366,0.26875,Guanacaste_PRODUCTIVO
15.294260526901123,0.07317278664876173,KDE-epanechnikov,body,epanechnikov,0.551,20.040042351293366,0.26875,Guanacaste_PRODUCTIVO
15.306298175995595,0.07408557921615572,KDE-epanechnikov,body,epanechnikov,0.551,20.040042351293366,0.26875,Guanacaste_PRODUCTIVO
15.318335825090067,0.07489953969762476,KDE-epanechnikov,body,epanechnikov,0.551,20.040042351293366,0.26875,Guanacaste_PRODUCTIVO
15.330373474184537,0.07564458519541821,KDE-epanechnikov,body,epanechnikov,0.551,20.040042351293366,0.26875,Guanacaste_PRODUCTIVO
15.342411123279009,0.07634193345959565,KDE-epanechnikov,body,epanechnikov,0.551,20.040042351293366,0.26875,Guanacaste_PRODUCTIVO
15.35444877237348,0.0771198352182622,KDE-epanechnikov,body,epanechnikov,0.551,20.040042351293366,0.26875,Guanacaste_PRODUCTIVO
15.366486421467952,0.07791804623042631,KDE-epanechnikov,body,epanechnikov,0.551,20.040042351293366,0.26875,Guanacaste_PRODUCTIVO
15.378524070562424,0.07864276878694146,KDE-epanechnikov,body,epanechnikov,0.551,20.040042351293366,0.26875,Guanacaste_PRODUCTIVO
15.390561719656896,0.0794202253523109,KDE-epanechnikov,body,epanechnikov,0.551,20.040042351293366,0.26875,Guanacaste_PRODUCTIVO
15.402599368751366,0.08019452106303898,KDE-epanechnikov,body,epanechnikov,0.551,20.040042351293366,0.26875,Guanacaste_PRODUCTIVO
15.414637017845838,0.08097025040710316,KDE-epanechnikov,body,epanechnikov,0.551,20.040042351293366,0.26875,Guanacaste_PRODUCTIVO
15.42667466694031,0.0816932909564248,KDE-epanechnikov,body,epanechnikov,0.551,20.040042351293366,0.26875,Guanacaste_PRODUCTIVO
15.438712316034781,0.0823392898325147,KDE-epanechnikov,body,epanechnikov,0.551,20.040042351293366,0.26875,Guanacaste_PRODUCTIVO
15.450749965129253,0.08287740774130452,KDE-epanechnikov,body,epanechnikov,0.551,20.040042351293366,0.26875,Guanacaste_PRODUCTIVO
15.462787614223725,0.0833587495856453,KDE-epanechnikov,body,epanechnikov,0.551,20.040042351293366,0.26875,Guanacaste_PRODUCTIVO
15.474825263318195,0.0840250693328049,KDE-epanechnikov,body,epanechnikov,0.551,20.040042351293366,0.26875,Guanacaste_PRODUCTIVO
15.486862912412667,0.08469644647209747,KDE-epanechnikov,body,epanechnikov,0.551,20.040042351293366,0.26875,Guanacaste_PRODUCTIVO
15.498900561507138,0.08533785391384692,KDE-epanechnikov,body,epanechnikov,0.551,20.040042351293366,0.26875,Guanacaste_PRODUCTIVO
15.51093821060161,0.08589358244035554,KDE-epanechnikov,body,epanechnikov,0.551,20.040042351293366,0.26875,Guanacaste_PRODUCTIVO
15.522975859696082,0.0864382452426958,KDE-epanechnikov,body,epanechnikov,0.551,20.040042351293366,0.26875,Guanacaste_PRODUCTIVO
15.535013508790552,0.08697773090167957,KDE-epanechnikov,body,epanechnikov,0.551,20.040042351293366,0.26875,Guanacaste_PRODUCTIVO
15.547051157885024,0.08746908041100805,KDE-epanechnikov,body,epanechnikov,0.551,20.040042351293366,0.26875,Guanacaste_PRODUCTIVO
15.559088806979496,0.0878717361450588,KDE-epanechnikov,body,epanechnikov,0.551,20.040042351293366,0.26875,Guanacaste_PRODUCTIVO
15.571126456073968,0.08833650967345894,KDE-epanechnikov,body,epanechnikov,0.551,20.040042351293366,0.26875,Guanacaste_PRODUCTIVO
15.58316410516844,0.08898710201678903,KDE-epanechnikov,body,epanechnikov,0.551,20.040042351293366,0.26875,Guanacaste_PRODUCTIVO
15.595201754262911,0.08957733640636639,KDE-epanechnikov,body,epanechnikov,0.551,20.040042351293366,0.26875,Guanacaste_PRODUCTIVO
15.607239403357383,0.09017541143685825,KDE-epanechnikov,body,epanechnikov,0.551,20.040042351293366,0.26875,Guanacaste_PRODUCTIVO
15.619277052451853,0.09073201208716876,KDE-epanechnikov,body,epanechnikov,0.551,20.040042351293366,0.26875,Guanacaste_PRODUCTIVO
15.631314701546325,0.09144274492092369,KDE-epanechnikov,body,epanechnikov,0.551,20.040042351293366,0.26875,Guanacaste_PRODUCTIVO
15.643352350640797,0.09208252118875944,KDE-epanechnikov,body,epanechnikov,0.551,20.040042351293366,0.26875,Guanacaste_PRODUCTIVO
15.655389999735268,0.09269561840250201,KDE-epanechnikov,body,epanechnikov,0.551,20.040042351293366,0.26875,Guanacaste_PRODUCTIVO
15.66742764882974,0.09328347805536763,KDE-epanechnikov,body,epanechnikov,0.551,20.040042351293366,0.26875,Guanacaste_PRODUCTIVO
15.67946529792421,0.09383460797377502,KDE-epanechnikov,body,epanechnikov,0.551,20.040042351293366,0.26875,Guanacaste_PRODUCTIVO
15.691502947018682,0.09437286388891976,KDE-epanechnikov,body,epanechnikov,0.551,20.040042351293366,0.26875,Guanacaste_PRODUCTIVO
15.703540596113154,0.09489926641709982,KDE-epanechnikov,body,epanechnikov,0.551,20.040042351293366,0.26875,Guanacaste_PRODUCTIVO
15.715578245207626,0.09542795189406791,KDE-epanechnikov,body,epanechnikov,0.551,20.040042351293366,0.26875,Guanacaste_PRODUCTIVO
15.727615894302097,0.09587751121955121,KDE-epanechnikov,body,epanechnikov,0.551,20.040042351293366,0.26875,Guanacaste_PRODUCTIVO
15.73965354339657,0.0962983632128764,KDE-epanechnikov,body,epanechnikov,0.551,20.040042351293366,0.26875,Guanacaste_PRODUCTIVO
15.75169119249104,0.09665629318749643,KDE-epanechnikov,body,epanechnikov,0.551,20.040042351293366,0.26875,Guanacaste_PRODUCTIVO
15.763728841585511,0.09712101808602057,KDE-epanechnikov,body,epanechnikov,0.551,20.040042351293366,0.26875,Guanacaste_PRODUCTIVO
15.775766490679983,0.09750481295454377,KDE-epanechnikov,body,epanechnikov,0.551,20.040042351293366,0.26875,Guanacaste_PRODUCTIVO
15.787804139774455,0.09777412533640352,KDE-epanechnikov,body,epanechnikov,0.551,20.040042351293366,0.26875,Guanacaste_PRODUCTIVO
15.799841788868926,0.09794829834681956,KDE-epanechnikov,body,epanechnikov,0.551,20.040042351293366,0.26875,Guanacaste_PRODUCTIVO
15.811879437963398,0.09812433099147423,KDE-epanechnikov,body,epanechnikov,0.551,20.040042351293366,0.26875,Guanacaste_PRODUCTIVO
15.823917087057868,0.09824283831304234,KDE-epanechnikov,body,epanechnikov,0.551,20.040042351293366,0.26875,Guanacaste_PRODUCTIVO
15.83595473615234,0.09835802592599859,KDE-epanechnikov,body,epanechnikov,0.551,20.040042351293366,0.26875,Guanacaste_PRODUCTIVO
15.847992385246812,0.09836956186379532,KDE-epanechnikov,body,epanechnikov,0.551,20.040042351293366,0.26875,Guanacaste_PRODUCTIVO
15.860030034341284,0.09826577898321562,KDE-epanechnikov,body,epanechnikov,0.551,20.040042351293366,0.26875,Guanacaste_PRODUCTIVO
15.872067683435755,0.09806072951138502,KDE-epanechnikov,body,epanechnikov,0.551,20.040042351293366,0.26875,Guanacaste_PRODUCTIVO
15.884105332530225,0.09784726435364507,KDE-epanechnikov,body,epanechnikov,0.551,20.040042351293366,0.26875,Guanacaste_PRODUCTIVO
15.896142981624697,0.09754301368260429,KDE-epanechnikov,body,epanechnikov,0.551,20.040042351293366,0.26875,Guanacaste_PRODUCTIVO
15.908180630719169,0.097311302712668,KDE-epanechnikov,body,epanechnikov,0.551,20.040042351293366,0.26875,Guanacaste_PRODUCTIVO
15.920218279813641,0.09734416737464097,KDE-epanechnikov,body,epanechnikov,0.551,20.040042351293366,0.26875,Guanacaste_PRODUCTIVO
15.932255928908113,0.09730848167554002,KDE-epanechnikov,body,epanechnikov,0.551,20.040042351293366,0.26875,Guanacaste_PRODUCTIVO
15.944293578002585,0.09718597404976693,KDE-epanechnikov,body,epanechnikov,0.551,20.040042351293366,0.26875,Guanacaste_PRODUCTIVO
15.956331227097056,0.09699202430307151,KDE-epanechnikov,body,epanechnikov,0.551,20.040042351293366,0.26875,Guanacaste_PRODUCTIVO
15.968368876191526,0.09668585328169303,KDE-epanechnikov,body,epanechnikov,0.551,20.040042351293366,0.26875,Guanacaste_PRODUCTIVO
15.980406525285998,0.09662690073440107,KDE-epanechnikov,body,epanechnikov,0.551,20.040042351293366,0.26875,Guanacaste_PRODUCTIVO
15.99244417438047,0.09676436534546169,KDE-epanechnikov,body,epanechnikov,0.551,20.040042351293366,0.26875,Guanacaste_PRODUCTIVO
16.00448182347494,0.09676626247159688,KDE-epanechnikov,body,epanechnikov,0.551,20.040042351293366,0.26875,Guanacaste_PRODUCTIVO
16.016519472569414,0.09673386783219234,KDE-epanechnikov,body,epanechnikov,0.551,20.040042351293366,0.26875,Guanacaste_PRODUCTIVO
16.028557121663884,0.09678263592090132,KDE-epanechnikov,body,epanechnikov,0.551,20.040042351293366,0.26875,Guanacaste_PRODUCTIVO
16.040594770758357,0.09686568431341967,KDE-epanechnikov,body,epanechnikov,0.551,20.040042351293366,0.26875,Guanacaste_PRODUCTIVO
16.052632419852827,0.09692141535554002,KDE-epanechnikov,body,epanechnikov,0.551,20.040042351293366,0.26875,Guanacaste_PRODUCTIVO
16.0646700689473,0.09703859949452806,KDE-epanechnikov,body,epanechnikov,0.551,20.040042351293366,0.26875,Guanacaste_PRODUCTIVO
16.07670771804177,0.09737217874289193,KDE-epanechnikov,body,epanechnikov,0.551,20.040042351293366,0.26875,Guanacaste_PRODUCTIVO
16.08874536713624,0.09773362676744872,KDE-epanechnikov,body,epanechnikov,0.551,20.040042351293366,0.26875,Guanacaste_PRODUCTIVO
16.100783016230714,0.09807949229259343,KDE-epanechnikov,body,epanechnikov,0.551,20.040042351293366,0.26875,Guanacaste_PRODUCTIVO
16.112820665325184,0.09835584945065655,KDE-epanechnikov,body,epanechnikov,0.551,20.040042351293366,0.26875,Guanacaste_PRODUCTIVO
16.124858314419654,0.09856452821390335,KDE-epanechnikov,body,epanechnikov,0.551,20.040042351293366,0.26875,Guanacaste_PRODUCTIVO
16.136895963514128,0.09875562207376518,KDE-epanechnikov,body,epanechnikov,0.551,20.040042351293366,0.26875,Guanacaste_PRODUCTIVO
16.148933612608598,0.0988828578571129,KDE-epanechnikov,body,epanechnikov,0.551,20.040042351293366,0.26875,Guanacaste_PRODUCTIVO
16.16097126170307,0.09901894029958783,KDE-epanechnikov,body,epanechnikov,0.551,20.040042351293366,0.26875,Guanacaste_PRODUCTIVO
16.17300891079754,0.09918783895305415,KDE-epanechnikov,body,epanechnikov,0.551,20.040042351293366,0.26875,Guanacaste_PRODUCTIVO
16.185046559892015,0.09927222392509122,KDE-epanechnikov,body,epanechnikov,0.551,20.040042351293366,0.26875,Guanacaste_PRODUCTIVO
16.197084208986485,0.09963361859253858,KDE-epanechnikov,body,epanechnikov,0.551,20.040042351293366,0.26875,Guanacaste_PRODUCTIVO
16.209121858080955,0.10039721363367167,KDE-epanechnikov,body,epanechnikov,0.551,20.040042351293366,0.26875,Guanacaste_PRODUCTIVO
16.22115950717543,0.10127367709672805,KDE-epanechnikov,body,epanechnikov,0.551,20.040042351293366,0.26875,Guanacaste_PRODUCTIVO
16.2331971562699,0.10215924779232642,KDE-epanechnikov,body,epanechnikov,0.551,20.040042351293366,0.26875,Guanacaste_PRODUCTIVO
16.245234805364372,0.10295833797783019,KDE-epanechnikov,body,epanechnikov,0.551,20.040042351293366,0.26875,Guanacaste_PRODUCTIVO
16.257272454458843,0.10366573938914005,KDE-epanechnikov,body,epanechnikov,0.551,20.040042351293366,0.26875,Guanacaste_PRODUCTIVO
16.269310103553316,0.10450100884740177,KDE-epanechnikov,body,epanechnikov,0.551,20.040042351293366,0.26875,Guanacaste_PRODUCTIVO
16.281347752647786,0.1054256193568123,KDE-epanechnikov,body,epanechnikov,0.551,20.040042351293366,0.26875,Guanacaste_PRODUCTIVO
16.293385401742256,0.10665213645978172,KDE-epanechnikov,body,epanechnikov,0.551,20.040042351293366,0.26875,Guanacaste_PRODUCTIVO
16.30542305083673,0.107853317682113,KDE-epanechnikov,body,epanechnikov,0.551,20.040042351293366,0.26875,Guanacaste_PRODUCTIVO
16.3174606999312,0.10907286991587152,KDE-epanechnikov,body,epanechnikov,0.551,20.040042351293366,0.26875,Guanacaste_PRODUCTIVO
16.329498349025673,0.11025427924142428,KDE-epanechnikov,body,epanechnikov,0.551,20.040042351293366,0.26875,Guanacaste_PRODUCTIVO
16.341535998120143,0.11138701332898153,KDE-epanechnikov,body,epanechnikov,0.551,20.040042351293366,0.26875,Guanacaste_PRODUCTIVO
16.353573647214613,0.11244022628361278,KDE-epanechnikov,body,epanechnikov,0.551,20.040042351293366,0.26875,Guanacaste_PRODUCTIVO
16.365611296309087,0.11347271468610455,KDE-epanechnikov,body,epanechnikov,0.551,20.040042351293366,0.26875,Guanacaste_PRODUCTIVO
16.377648945403557,0.11442099930358086,KDE-epanechnikov,body,epanechnikov,0.551,20.040042351293366,0.26875,Guanacaste_PRODUCTIVO
16.38968659449803,0.11535535247891782,KDE-epanechnikov,body,epanechnikov,0.551,20.040042351293366,0.26875,Guanacaste_PRODUCTIVO
16.4017242435925,0.11632512001242189,KDE-epanechnikov,body,epanechnikov,0.551,20.040042351293366,0.26875,Guanacaste_PRODUCTIVO
16.41376189268697,0.11729679319810925,KDE-epanechnikov,body,epanechnikov,0.551,20.040042351293366,0.26875,Guanacaste_PRODUCTIVO
16.425799541781444,0.11821637942580866,KDE-epanechnikov,body,epanechnikov,0.551,20.040042351293366,0.26875,Guanacaste_PRODUCTIVO
16.437837190875914,0.11897187505349881,KDE-epanechnikov,body,epanechnikov,0.551,20.040042351293366,0.26875,Guanacaste_PRODUCTIVO
16.449874839970388,0.11976670823791155,KDE-epanechnikov,body,epanechnikov,0.551,20.040042351293366,0.26875,Guanacaste_PRODUCTIVO
16.461912489064858,0.12066149277642127,KDE-epanechnikov,body,epanechnikov,0.551,20.040042351293366,0.26875,Guanacaste_PRODUCTIVO
16.47395013815933,0.12160726518249271,KDE-epanechnikov,body,epanechnikov,0.551,20.040042351293366,0.26875,Guanacaste_PRODUCTIVO
16.4859877872538,0.12264938392193252,KDE-epanechnikov,body,epanechnikov,0.551,20.040042351293366,0.26875,Guanacaste_PRODUCTIVO
16.49802543634827,0.12406317617907203,KDE-epanechnikov,body,epanechnikov,0.551,20.040042351293366,0.26875,Guanacaste_PRODUCTIVO
16.510063085442745,0.12540178758358245,KDE-epanechnikov,body,epanechnikov,0.551,20.040042351293366,0.26875,Guanacaste_PRODUCTIVO
16.522100734537215,0.12670176234322209,KDE-epanechnikov,body,epanechnikov,0.551,20.040042351293366,0.26875,Guanacaste_PRODUCTIVO
16.53413838363169,0.12793460946922242,KDE-epanechnikov,body,epanechnikov,0.551,20.040042351293366,0.26875,Guanacaste_PRODUCTIVO
16.54617603272616,0.12905790416764643,KDE-epanechnikov,body,epanechnikov,0.551,20.040042351293366,0.26875,Guanacaste_PRODUCTIVO
16.558213681820632,0.1300781888408063,KDE-epanechnikov,body,epanechnikov,0.551,20.040042351293366,0.26875,Guanacaste_PRODUCTIVO
16.570251330915102,0.13115253025040477,KDE-epanechnikov,body,epanechnikov,0.551,20.040042351293366,0.26875,Guanacaste_PRODUCTIVO
16.582288980009572,0.1322291569983877,KDE-epanechnikov,body,epanechnikov,0.551,20.040042351293366,0.26875,Guanacaste_PRODUCTIVO
16.594326629104046,0.13321077502658094,KDE-epanechnikov,body,epanechnikov,0.551,20.040042351293366,0.26875,Guanacaste_PRODUCTIVO
16.606364278198516,0.13409153649649308,KDE-epanechnikov,body,epanechnikov,0.551,20.040042351293366,0.26875,Guanacaste_PRODUCTIVO
16.618401927292986,0.13490021664398427,KDE-epanechnikov,body,epanechnikov,0.551,20.040042351293366,0.26875,Guanacaste_PRODUCTIVO
16.63043957638746,0.1357456383315545,KDE-epanechnikov,body,epanechnikov,0.551,20.040042351293366,0.26875,Guanacaste_PRODUCTIVO
16.64247722548193,0.13662798638716564,KDE-epanechnikov,body,epanechnikov,0.551,20.040042351293366,0.26875,Guanacaste_PRODUCTIVO
16.654514874576403,0.13753114841629058,KDE-epanechnikov,body,epanechnikov,0.551,20.040042351293366,0.26875,Guanacaste_PRODUCTIVO
16.666552523670873,0.13829244227916548,KDE-epanechnikov,body,epanechnikov,0.551,20.040042351293366,0.26875,Guanacaste_PRODUCTIVO
16.678590172765347,0.13959439157314987,KDE-epanechnikov,body,epanechnikov,0.551,20.040042351293366,0.26875,Guanacaste_PRODUCTIVO
16.690627821859817,0.1409531948939651,KDE-epanechnikov,body,epanechnikov,0.551,20.040042351293366,0.26875,Guanacaste_PRODUCTIVO
16.702665470954287,0.1423621713606987,KDE-epanechnikov,body,epanechnikov,0.551,20.040042351293366,0.26875,Guanacaste_PRODUCTIVO
16.71470312004876,0.14382698737067,KDE-epanechnikov,body,epanechnikov,0.551,20.040042351293366,0.26875,Guanacaste_PRODUCTIVO
16.72674076914323,0.14532096375955275,KDE-epanechnikov,body,epanechnikov,0.551,20.040042351293366,0.26875,Guanacaste_PRODUCTIVO
16.738778418237704,0.14675209169847192,KDE-epanechnikov,body,epanechnikov,0.551,20.040042351293366,0.26875,Guanacaste_PRODUCTIVO
16.750816067332174,0.14822430291944408,KDE-epanechnikov,body,epanechnikov,0.551,20.040042351293366,0.26875,Guanacaste_PRODUCTIVO
16.762853716426648,0.1499988951562837,KDE-epanechnikov,body,epanechnikov,0.551,20.040042351293366,0.26875,Guanacaste_PRODUCTIVO
16.774891365521118,0.15177502792039185,KDE-epanechnikov,body,epanechnikov,0.551,20.040042351293366,0.26875,Guanacaste_PRODUCTIVO
16.786929014615588,0.15356399093255838,KDE-epanechnikov,body,epanechnikov,0.551,20.040042351293366,0.26875,Guanacaste_PRODUCTIVO
16.79896666371006,0.1553059570565998,KDE-epanechnikov,body,epanechnikov,0.551,20.040042351293366,0.26875,Guanacaste_PRODUCTIVO
16.81100431280453,0.15707695544488257,KDE-epanechnikov,body,epanechnikov,0.551,20.040042351293366,0.26875,Guanacaste_PRODUCTIVO
16.823041961899,0.15894005529808727,KDE-epanechnikov,body,epanechnikov,0.551,20.040042351293366,0.26875,Guanacaste_PRODUCTIVO
16.835079610993475,0.16086223605733924,KDE-epanechnikov,body,epanechnikov,0.551,20.040042351293366,0.26875,Guanacaste_PRODUCTIVO
16.847117260087945,0.16266605568821813,KDE-epanechnikov,body,epanechnikov,0.551,20.040042351293366,0.26875,Guanacaste_PRODUCTIVO
16.85915490918242,0.1645679043147121,KDE-epanechnikov,body,epanechnikov,0.551,20.040042351293366,0.26875,Guanacaste_PRODUCTIVO
16.87119255827689,0.16647789643379085,KDE-epanechnikov,body,epanechnikov,0.551,20.040042351293366,0.26875,Guanacaste_PRODUCTIVO
16.883230207371362,0.16833773148592587,KDE-epanechnikov,body,epanechnikov,0.551,20.040042351293366,0.26875,Guanacaste_PRODUCTIVO
16.895267856465832,0.17004743616328294,KDE-epanechnikov,body,epanechnikov,0.551,20.040042351293366,0.26875,Guanacaste_PRODUCTIVO
16.907305505560302,0.17169573779335456,KDE-epanechnikov,body,epanechnikov,0.551,20.040042351293366,0.26875,Guanacaste_PRODUCTIVO
16.919343154654776,0.1733097607416761,KDE-epanechnikov,body,epanechnikov,0.551,20.040042351293366,0.26875,Guanacaste_PRODUCTIVO
16.931380803749246,0.17489176330971504,KDE-epanechnikov,body,epanechnikov,0.551,20.040042351293366,0.26875,Guanacaste_PRODUCTIVO
16.94341845284372,0.17642087636205966,KDE-epanechnikov,body,epanechnikov,0.551,20.040042351293366,0.26875,Guanacaste_PRODUCTIVO
16.95545610193819,0.1779998447002844,KDE-epanechnikov,body,epanechnikov,0.551,20.040042351293366,0.26875,Guanacaste_PRODUCTIVO
16.967493751032663,0.17971194585453448,KDE-epanechnikov,body,epanechnikov,0.551,20.040042351293366,0.26875,Guanacaste_PRODUCTIVO
16.979531400127133,0.1812513690389036,KDE-epanechnikov,body,epanechnikov,0.551,20.040042351293366,0.26875,Guanacaste_PRODUCTIVO
16.991569049221603,0.18273977106464515,KDE-epanechnikov,body,epanechnikov,0.551,20.040042351293366,0.26875,Guanacaste_PRODUCTIVO
17.003606698316077,0.1841447578552437,KDE-epanechnikov,body,epanechnikov,0.551,20.040042351293366,0.26875,Guanacaste_PRODUCTIVO
17.015644347410547,0.18555794748862953,KDE-epanechnikov,body,epanechnikov,0.551,20.040042351293366,0.26875,Guanacaste_PRODUCTIVO
17.02768199650502,0.18678908666468114,KDE-epanechnikov,body,epanechnikov,0.551,20.040042351293366,0.26875,Guanacaste_PRODUCTIVO
17.03971964559949,0.18788888796116462,KDE-epanechnikov,body,epanechnikov,0.551,20.040042351293366,0.26875,Guanacaste_PRODUCTIVO
17.05175729469396,0.18890243214104097,KDE-epanechnikov,body,epanechnikov,0.551,20.040042351293366,0.26875,Guanacaste_PRODUCTIVO
17.063794943788434,0.18984040966097332,KDE-epanechnikov,body,epanechnikov,0.551,20.040042351293366,0.26875,Guanacaste_PRODUCTIVO
17.075832592882904,0.19073859918810326,KDE-epanechnikov,body,epanechnikov,0.551,20.040042351293366,0.26875,Guanacaste_PRODUCTIVO
17.087870241977377,0.19201992482997268,KDE-epanechnikov,body,epanechnikov,0.551,20.040042351293366,0.26875,Guanacaste_PRODUCTIVO
17.099907891071847,0.1931307364648574,KDE-epanechnikov,body,epanechnikov,0.551,20.040042351293366,0.26875,Guanacaste_PRODUCTIVO
17.111945540166317,0.1941685602626233,KDE-epanechnikov,body,epanechnikov,0.551,20.040042351293366,0.26875,Guanacaste_PRODUCTIVO
17.12398318926079,0.19510491120723383,KDE-epanechnikov,body,epanechnikov,0.551,20.040042351293366,0.26875,Guanacaste_PRODUCTIVO
17.13602083835526,0.19604033773880633,KDE-epanechnikov,body,epanechnikov,0.551,20.040042351293366,0.26875,Guanacaste_PRODUCTIVO
17.148058487449735,0.1969303029903694,KDE-epanechnikov,body,epanechnikov,0.551,20.040042351293366,0.26875,Guanacaste_PRODUCTIVO
17.160096136544205,0.19768214351386856,KDE-epanechnikov,body,epanechnikov,0.551,20.040042351293366,0.26875,Guanacaste_PRODUCTIVO
17.172133785638678,0.19836671810649162,KDE-epanechnikov,body,epanechnikov,0.551,20.040042351293366,0.26875,Guanacaste_PRODUCTIVO
17.18417143473315,0.19919853435041424,KDE-epanechnikov,body,epanechnikov,0.551,20.040042351293366,0.26875,Guanacaste_PRODUCTIVO
17.19620908382762,0.20015869188442914,KDE-epanechnikov,body,epanechnikov,0.551,20.040042351293366,0.26875,Guanacaste_PRODUCTIVO
17.208246732922092,0.20102463688803526,KDE-epanechnikov,body,epanechnikov,0.551,20.040042351293366,0.26875,Guanacaste_PRODUCTIVO
17.220284382016562,0.2017716068206255,KDE-epanechnikov,body,epanechnikov,0.551,20.040042351293366,0.26875,Guanacaste_PRODUCTIVO
17.232322031111035,0.2024688346981327,KDE-epanechnikov,body,epanechnikov,0.551,20.040042351293366,0.26875,Guanacaste_PRODUCTIVO
17.244359680205505,0.20313217826701663,KDE-epanechnikov,body,epanechnikov,0.551,20.040042351293366,0.26875,Guanacaste_PRODUCTIVO
17.25639732929998,0.20365330238717136,KDE-epanechnikov,body,epanechnikov,0.551,20.040042351293366,0.26875,Guanacaste_PRODUCTIVO
17.26843497839445,0.20425407176001506,KDE-epanechnikov,body,epanechnikov,0.551,20.040042351293366,0.26875,Guanacaste_PRODUCTIVO
17.28047262748892,0.20484543707268865,KDE-epanechnikov,body,epanechnikov,0.551,20.040042351293366,0.26875,Guanacaste_PRODUCTIVO
17.292510276583393,0.2054542084831315,KDE-epanechnikov,body,epanechnikov,0.551,20.040042351293366,0.26875,Guanacaste_PRODUCTIVO
17.304547925677863,0.20600789552825494,KDE-epanechnikov,body,epanechnikov,0.551,20.040042351293366,0.26875,Guanacaste_PRODUCTIVO
17.316585574772333,0.2066165184028295,KDE-epanechnikov,body,epanechnikov,0.551,20.040042351293366,0.26875,Guanacaste_PRODUCTIVO
17.328623223866806,0.20725677544054172,KDE-epanechnikov,body,epanechnikov,0.551,20.040042351293366,0.26875,Guanacaste_PRODUCTIVO
17.340660872961276,0.20782994745444444,KDE-epanechnikov,body,epanechnikov,0.551,20.040042351293366,0.26875,Guanacaste_PRODUCTIVO
17.35269852205575,0.20823673846307816,KDE-epanechnikov,body,epanechnikov,0.551,20.040042351293366,0.26875,Guanacaste_PRODUCTIVO
17.36473617115022,0.20863736609427383,KDE-epanechnikov,body,epanechnikov,0.551,20.040042351293366,0.26875,Guanacaste_PRODUCTIVO
17.376773820244694,0.2091322112744549,KDE-epanechnikov,body,epanechnikov,0.551,20.040042351293366,0.26875,Guanacaste_PRODUCTIVO
17.388811469339164,0.20968364881781143,KDE-epanechnikov,body,epanechnikov,0.551,20.040042351293366,0.26875,Guanacaste_PRODUCTIVO
17.400849118433634,0.210456468015978,KDE-epanechnikov,body,epanechnikov,0.551,20.040042351293366,0.26875,Guanacaste_PRODUCTIVO
17.412886767528107,0.21106596842263212,KDE-epanechnikov,body,epanechnikov,0.551,20.040042351293366,0.26875,Guanacaste_PRODUCTIVO
17.424924416622577,0.21157255868607097,KDE-epanechnikov,body,epanechnikov,0.551,20.040042351293366,0.26875,Guanacaste_PRODUCTIVO
17.43696206571705,0.21196141418459666,KDE-epanechnikov,body,epanechnikov,0.551,20.040042351293366,0.26875,Guanacaste_PRODUCTIVO
17.44899971481152,0.2124178529546065,KDE-epanechnikov,body,epanechnikov,0.551,20.040042351293366,0.26875,Guanacaste_PRODUCTIVO
17.461037363905994,0.21280826012983786,KDE-epanechnikov,body,epanechnikov,0.551,20.040042351293366,0.26875,Guanacaste_PRODUCTIVO
17.473075013000464,0.21314551249568228,KDE-epanechnikov,body,epanechnikov,0.551,20.040042351293366,0.26875,Guanacaste_PRODUCTIVO
17.485112662094934,0.2133925481550237,KDE-epanechnikov,body,epanechnikov,0.551,20.040042351293366,0.26875,Guanacaste_PRODUCTIVO
17.497150311189408,0.21359837737232049,KDE-epanechnikov,body,epanechnikov,0.551,20.040042351293366,0.26875,Guanacaste_PRODUCTIVO
17.509187960283878,0.21370020610017804,KDE-epanechnikov,body,epanechnikov,0.551,20.040042351293366,0.26875,Guanacaste_PRODUCTIVO
17.52122560937835,0.21376948341671478,KDE-epanechnikov,body,epanechnikov,0.551,20.040042351293366,0.26875,Guanacaste_PRODUCTIVO
17.53326325847282,0.21378350021993403,KDE-epanechnikov,body,epanechnikov,0.551,20.040042351293366,0.26875,Guanacaste_PRODUCTIVO
17.54530090756729,0.21375005609112335,KDE-epanechnikov,body,epanechnikov,0.551,20.040042351293366,0.26875,Guanacaste_PRODUCTIVO
17.557338556661765,0.21379292931255578,KDE-epanechnikov,body,epanechnikov,0.551,20.040042351293366,0.26875,Guanacaste_PRODUCTIVO
17.569376205756235,0.21376288262580947,KDE-epanechnikov,body,epanechnikov,0.551,20.040042351293366,0.26875,Guanacaste_PRODUCTIVO
17.58141385485071,0.21371346870583993,KDE-epanechnikov,body,epanechnikov,0.551,20.040042351293366,0.26875,Guanacaste_PRODUCTIVO
17.59345150394518,0.21413910311736709,KDE-epanechnikov,body,epanechnikov,0.551,20.040042351293366,0.26875,Guanacaste_PRODUCTIVO
17.60548915303965,0.21474377436493625,KDE-epanechnikov,body,epanechnikov,0.551,20.040042351293366,0.26875,Guanacaste_PRODUCTIVO
17.617526802134122,0.21524989459733976,KDE-epanechnikov,body,epanechnikov,0.551,20.040042351293366,0.26875,Guanacaste_PRODUCTIVO
17.629564451228593,0.21563389962326315,KDE-epanechnikov,body,epanechnikov,0.551,20.040042351293366,0.26875,Guanacaste_PRODUCTIVO
17.641602100323066,0.2158915768618135,KDE-epanechnikov,body,epanechnikov,0.551,20.040042351293366,0.26875,Guanacaste_PRODUCTIVO
17.653639749417536,0.21620563372680138,KDE-epanechnikov,body,epanechnikov,0.551,20.040042351293366,0.26875,Guanacaste_PRODUCTIVO
17.66567739851201,0.21655675084496168,KDE-epanechnikov,body,epanechnikov,0.551,20.040042351293366,0.26875,Guanacaste_PRODUCTIVO
17.67771504760648,0.21681759295376343,KDE-epanechnikov,body,epanechnikov,0.551,20.040042351293366,0.26875,Guanacaste_PRODUCTIVO
17.68975269670095,0.216990335193717,KDE-epanechnikov,body,epanechnikov,0.551,20.040042351293366,0.26875,Guanacaste_PRODUCTIVO
17.701790345795423,0.21691399134226746,KDE-epanechnikov,body,epanechnikov,0.551,20.040042351293366,0.26875,Guanacaste_PRODUCTIVO
17.713827994889893,0.2167086449036894,KDE-epanechnikov,body,epanechnikov,0.551,20.040042351293366,0.26875,Guanacaste_PRODUCTIVO
17.725865643984367,0.21644900380070978,KDE-epanechnikov,body,epanechnikov,0.551,20.040042351293366,0.26875,Guanacaste_PRODUCTIVO
17.737903293078837,0.21608963362319641,KDE-epanechnikov,body,epanechnikov,0.551,20.040042351293366,0.26875,Guanacaste_PRODUCTIVO
17.74994094217331,0.2158606407658928,KDE-epanechnikov,body,epanechnikov,0.551,20.040042351293366,0.26875,Guanacaste_PRODUCTIVO
17.76197859126778,0.2155078704424094,KDE-epanechnikov,body,epanechnikov,0.551,20.040042351293366,0.26875,Guanacaste_PRODUCTIVO
17.77401624036225,0.21527335284088653,KDE-epanechnikov,body,epanechnikov,0.551,20.040042351293366,0.26875,Guanacaste_PRODUCTIVO
17.786053889456724,0.21514714902909635,KDE-epanechnikov,body,epanechnikov,0.551,20.040042351293366,0.26875,Guanacaste_PRODUCTIVO
17.798091538551194,0.2149982079468503,KDE-epanechnikov,body,epanechnikov,0.551,20.040042351293366,0.26875,Guanacaste_PRODUCTIVO
17.810129187645664,0.21496625982593576,KDE-epanechnikov,body,epanechnikov,0.551,20.040042351293366,0.26875,Guanacaste_PRODUCTIVO
17.822166836740138,0.21493415683775247,KDE-epanechnikov,body,epanechnikov,0.551,20.040042351293366,0.26875,Guanacaste_PRODUCTIVO
17.834204485834608,0.2148335773022388,KDE-epanechnikov,body,epanechnikov,0.551,20.040042351293366,0.26875,Guanacaste_PRODUCTIVO
17.84624213492908,0.21464948518843396,KDE-epanechnikov,body,epanechnikov,0.551,20.040042351293366,0.26875,Guanacaste_PRODUCTIVO
17.85827978402355,0.2147044670985735,KDE-epanechnikov,body,epanechnikov,0.551,20.040042351293366,0.26875,Guanacaste_PRODUCTIVO
17.870317433118025,0.21486082818306196,KDE-epanechnikov,body,epanechnikov,0.551,20.040042351293366,0.26875,Guanacaste_PRODUCTIVO
17.882355082212495,0.21541916194192476,KDE-epanechnikov,body,epanechnikov,0.551,20.040042351293366,0.26875,Guanacaste_PRODUCTIVO
17.894392731306965,0.2158837580781514,KDE-epanechnikov,body,epanechnikov,0.551,20.040042351293366,0.26875,Guanacaste_PRODUCTIVO
17.90643038040144,0.2162428051158663,KDE-epanechnikov,body,epanechnikov,0.551,20.040042351293366,0.26875,Guanacaste_PRODUCTIVO
17.91846802949591,0.21653542938479414,KDE-epanechnikov,body,epanechnikov,0.551,20.040042351293366,0.26875,Guanacaste_PRODUCTIVO
17.930505678590382,0.21689519559842652,KDE-epanechnikov,body,epanechnikov,0.551,20.040042351293366,0.26875,Guanacaste_PRODUCTIVO
17.942543327684852,0.2172349172015536,KDE-epanechnikov,body,epanechnikov,0.551,20.040042351293366,0.26875,Guanacaste_PRODUCTIVO
17.954580976779326,0.21749825383525528,KDE-epanechnikov,body,epanechnikov,0.551,20.040042351293366,0.26875,Guanacaste_PRODUCTIVO
17.966618625873796,0.21781688734687318,KDE-epanechnikov,body,epanechnikov,0.551,20.040042351293366,0.26875,Guanacaste_PRODUCTIVO
17.978656274968266,0.21835100265032678,KDE-epanechnikov,body,epanechnikov,0.551,20.040042351293366,0.26875,Guanacaste_PRODUCTIVO
17.99069392406274,0.21884121503449483,KDE-epanechnikov,body,epanechnikov,0.551,20.040042351293366,0.26875,Guanacaste_PRODUCTIVO
18.00273157315721,0.21919051428290756,KDE-epanechnikov,body,epanechnikov,0.551,20.040042351293366,0.26875,Guanacaste_PRODUCTIVO
18.01476922225168,0.21940384428487208,KDE-epanechnikov,body,epanechnikov,0.551,20.040042351293366,0.26875,Guanacaste_PRODUCTIVO
18.026806871346153,0.21958553095100747,KDE-epanechnikov,body,epanechnikov,0.551,20.040042351293366,0.26875,Guanacaste_PRODUCTIVO
18.038844520440627,0.2206524777772621,KDE-epanechnikov,body,epanechnikov,0.551,20.040042351293366,0.26875,Guanacaste_PRODUCTIVO
18.050882169535097,0.22227113739209434,KDE-epanechnikov,body,epanechnikov,0.551,20.040042351293366,0.26875,Guanacaste_PRODUCTIVO
18.062919818629567,0.2240929187556613,KDE-epanechnikov,body,epanechnikov,0.551,20.040042351293366,0.26875,Guanacaste_PRODUCTIVO
18.07495746772404,0.2259737474352963,KDE-epanechnikov,body,epanechnikov,0.551,20.040042351293366,0.26875,Guanacaste_PRODUCTIVO
18.08699511681851,0.22769795005820695,KDE-epanechnikov,body,epanechnikov,0.551,20.040042351293366,0.26875,Guanacaste_PRODUCTIVO
18.09903276591298,0.2294177922069034,KDE-epanechnikov,body,epanechnikov,0.551,20.040042351293366,0.26875,Guanacaste_PRODUCTIVO
18.111070415007454,0.23109070377175264,KDE-epanechnikov,body,epanechnikov,0.551,20.040042351293366,0.26875,Guanacaste_PRODUCTIVO
18.123108064101924,0.2325675565809199,KDE-epanechnikov,body,epanechnikov,0.551,20.040042351293366,0.26875,Guanacaste_PRODUCTIVO
18.135145713196398,0.23391085344598217,KDE-epanechnikov,body,epanechnikov,0.551,20.040042351293366,0.26875,Guanacaste_PRODUCTIVO
18.147183362290868,0.2352576779191849,KDE-epanechnikov,body,epanechnikov,0.551,20.040042351293366,0.26875,Guanacaste_PRODUCTIVO
18.15922101138534,0.2364528415427726,KDE-epanechnikov,body,epanechnikov,0.551,20.040042351293366,0.26875,Guanacaste_PRODUCTIVO
18.17125866047981,0.23749266263976102,KDE-epanechnikov,body,epanechnikov,0.551,20.040042351293366,0.26875,Guanacaste_PRODUCTIVO
18.18329630957428,0.23869485440994348,KDE-epanechnikov,body,epanechnikov,0.551,20.040042351293366,0.26875,Guanacaste_PRODUCTIVO
18.195333958668755,0.23976085520852536,KDE-epanechnikov,body,epanechnikov,0.551,20.040042351293366,0.26875,Guanacaste_PRODUCTIVO
18.207371607763225,0.24079474258649852,KDE-epanechnikov,body,epanechnikov,0.551,20.040042351293366,0.26875,Guanacaste_PRODUCTIVO
18.219409256857695,0.24187136273262932,KDE-epanechnikov,body,epanechnikov,0.551,20.040042351293366,0.26875,Guanacaste_PRODUCTIVO
18.23144690595217,0.24288982367695777,KDE-epanechnikov,body,epanechnikov,0.551,20.040042351293366,0.26875,Guanacaste_PRODUCTIVO
18.243484555046642,0.2438081463294831,KDE-epanechnikov,body,epanechnikov,0.551,20.040042351293366,0.26875,Guanacaste_PRODUCTIVO
18.255522204141112,0.24458776910569113,KDE-epanechnikov,body,epanechnikov,0.551,20.040042351293366,0.26875,Guanacaste_PRODUCTIVO
18.267559853235582,0.2452379689580514,KDE-epanechnikov,body,epanechnikov,0.551,20.040042351293366,0.26875,Guanacaste_PRODUCTIVO
18.279597502330056,0.24580476743254315,KDE-epanechnikov,body,epanechnikov,0.551,20.040042351293366,0.26875,Guanacaste_PRODUCTIVO
18.291635151424526,0.24667820991744632,KDE-epanechnikov,body,epanechnikov,0.551,20.040042351293366,0.26875,Guanacaste_PRODUCTIVO
18.303672800518996,0.24736145628065484,KDE-epanechnikov,body,epanechnikov,0.551,20.040042351293366,0.26875,Guanacaste_PRODUCTIVO
18.31571044961347,0.24798134326512858,KDE-epanechnikov,body,epanechnikov,0.551,20.040042351293366,0.26875,Guanacaste_PRODUCTIVO
18.32774809870794,0.24862466630051877,KDE-epanechnikov,body,epanechnikov,0.551,20.040042351293366,0.26875,Guanacaste_PRODUCTIVO
18.339785747802413,0.24917731643291194,KDE-epanechnikov,body,epanechnikov,0.551,20.040042351293366,0.26875,Guanacaste_PRODUCTIVO
18.351823396896883,0.24969245844555787,KDE-epanechnikov,body,epanechnikov,0.551,20.040042351293366,0.26875,Guanacaste_PRODUCTIVO
18.363861045991356,0.250397298353243,KDE-epanechnikov,body,epanechnikov,0.551,20.040042351293366,0.26875,Guanacaste_PRODUCTIVO
18.375898695085827,0.25237285345325494,KDE-epanechnikov,body,epanechnikov,0.551,20.040042351293366,0.26875,Guanacaste_PRODUCTIVO
18.387936344180297,0.2543863125851396,KDE-epanechnikov,body,epanechnikov,0.551,20.040042351293366,0.26875,Guanacaste_PRODUCTIVO
18.39997399327477,0.2563072285640431,KDE-epanechnikov,body,epanechnikov,0.551,20.040042351293366,0.26875,Guanacaste_PRODUCTIVO
18.41201164236924,0.2590760849377116,KDE-epanechnikov,body,epanechnikov,0.551,20.040042351293366,0.26875,Guanacaste_PRODUCTIVO
18.424049291463714,0.2624069162925451,KDE-epanechnikov,body,epanechnikov,0.551,20.040042351293366,0.26875,Guanacaste_PRODUCTIVO
18.436086940558184,0.26555749764358055,KDE-epanechnikov,body,epanechnikov,0.551,20.040042351293366,0.26875,Guanacaste_PRODUCTIVO
18.448124589652657,0.2685090270385775,KDE-epanechnikov,body,epanechnikov,0.551,20.040042351293366,0.26875,Guanacaste_PRODUCTIVO
18.460162238747127,0.2714448632712469,KDE-epanechnikov,body,epanechnikov,0.551,20.040042351293366,0.26875,Guanacaste_PRODUCTIVO
18.472199887841597,0.2743727557478109,KDE-epanechnikov,body,epanechnikov,0.551,20.040042351293366,0.26875,Guanacaste_PRODUCTIVO
18.48423753693607,0.27718689815695685,KDE-epanechnikov,body,epanechnikov,0.551,20.040042351293366,0.26875,Guanacaste_PRODUCTIVO
18.49627518603054,0.2800203380879062,KDE-epanechnikov,body,epanechnikov,0.551,20.040042351293366,0.26875,Guanacaste_PRODUCTIVO
18.50831283512501,0.2828127958628332,KDE-epanechnikov,body,epanechnikov,0.551,20.040042351293366,0.26875,Guanacaste_PRODUCTIVO
18.520350484219485,0.285484256490736,KDE-epanechnikov,body,epanechnikov,0.551,20.040042351293366,0.26875,Guanacaste_PRODUCTIVO
18.532388133313955,0.2879917015324438,KDE-epanechnikov,body,epanechnikov,0.551,20.040042351293366,0.26875,Guanacaste_PRODUCTIVO
18.544425782408428,0.29027483130980897,KDE-epanechnikov,body,epanechnikov,0.551,20.040042351293366,0.26875,Guanacaste_PRODUCTIVO
18.5564634315029,0.2924127141518074,KDE-epanechnikov,body,epanechnikov,0.551,20.040042351293366,0.26875,Guanacaste_PRODUCTIVO
18.568501080597372,0.29457044632932183,KDE-epanechnikov,body,epanechnikov,0.551,20.040042351293366,0.26875,Guanacaste_PRODUCTIVO
18.580538729691842,0.29668783713365804,KDE-epanechnikov,body,epanechnikov,0.551,20.040042351293366,0.26875,Guanacaste_PRODUCTIVO
18.592576378786312,0.2987161398078155,KDE-epanechnikov,body,epanechnikov,0.551,20.040042351293366,0.26875,Guanacaste_PRODUCTIVO
18.604614027880785,0.3007114900790868,KDE-epanechnikov,body,epanechnikov,0.551,20.040042351293366,0.26875,Guanacaste_PRODUCTIVO
18.616651676975255,0.3025403155122722,KDE-epanechnikov,body,epanechnikov,0.551,20.040042351293366,0.26875,Guanacaste_PRODUCTIVO
18.62868932606973,0.3041774659969449,KDE-epanechnikov,body,epanechnikov,0.551,20.040042351293366,0.26875,Guanacaste_PRODUCTIVO
18.6407269751642,0.3056613423411901,KDE-epanechnikov,body,epanechnikov,0.551,20.040042351293366,0.26875,Guanacaste_PRODUCTIVO
18.652764624258673,0.30700348718508097,KDE-epanechnikov,body,epanechnikov,0.551,20.040042351293366,0.26875,Guanacaste_PRODUCTIVO
18.664802273353143,0.3082437124214108,KDE-epanechnikov,body,epanechnikov,0.551,20.040042351293366,0.26875,Guanacaste_PRODUCTIVO
18.676839922447613,0.30937433179977203,KDE-epanechnikov,body,epanechnikov,0.551,20.040042351293366,0.26875,Guanacaste_PRODUCTIVO
18.688877571542086,0.31050507475237354,KDE-epanechnikov,body,epanechnikov,0.551,20.040042351293366,0.26875,Guanacaste_PRODUCTIVO
18.700915220636556,0.31166232751323886,KDE-epanechnikov,body,epanechnikov,0.551,20.040042351293366,0.26875,Guanacaste_PRODUCTIVO
18.712952869731026,0.3128544137339879,KDE-epanechnikov,body,epanechnikov,0.551,20.040042351293366,0.26875,Guanacaste_PRODUCTIVO
18.7249905188255,0.31391076408251056,KDE-epanechnikov,body,epanechnikov,0.551,20.040042351293366,0.26875,Guanacaste_PRODUCTIVO
18.737028167919973,0.31479482360943684,KDE-epanechnikov,body,epanechnikov,0.551,20.040042351293366,0.26875,Guanacaste_PRODUCTIVO
18.749065817014444,0.31538643859897564,KDE-epanechnikov,body,epanechnikov,0.551,20.040042351293366,0.26875,Guanacaste_PRODUCTIVO
18.761103466108914,0.3160743691583203,KDE-epanechnikov,body,epanechnikov,0.551,20.040042351293366,0.26875,Guanacaste_PRODUCTIVO
18.773141115203387,0.3166679628311368,KDE-epanechnikov,body,epanechnikov,0.551,20.040042351293366,0.26875,Guanacaste_PRODUCTIVO
18.785178764297857,0.31723945729483144,KDE-epanechnikov,body,epanechnikov,0.551,20.040042351293366,0.26875,Guanacaste_PRODUCTIVO
18.797216413392327,0.3179259669934993,KDE-epanechnikov,body,epanechnikov,0.551,20.040042351293366,0.26875,Guanacaste_PRODUCTIVO
18.8092540624868,0.3185338521856546,KDE-epanechnikov,body,epanechnikov,0.551,20.040042351293366,0.26875,Guanacaste_PRODUCTIVO
18.82129171158127,0.31894858051730474,KDE-epanechnikov,body,epanechnikov,0.551,20.040042351293366,0.26875,Guanacaste_PRODUCTIVO
18.833329360675744,0.31906435577450054,KDE-epanechnikov,body,epanechnikov,0.551,20.040042351293366,0.26875,Guanacaste_PRODUCTIVO
18.845367009770214,0.3190659842304774,KDE-epanechnikov,body,epanechnikov,0.551,20.040042351293366,0.26875,Guanacaste_PRODUCTIVO
18.857404658864688,0.3190613916022339,KDE-epanechnikov,body,epanechnikov,0.551,20.040042351293366,0.26875,Guanacaste_PRODUCTIVO
18.869442307959158,0.3189731111207243,KDE-epanechnikov,body,epanechnikov,0.551,20.040042351293366,0.26875,Guanacaste_PRODUCTIVO
18.881479957053628,0.31879283514916007,KDE-epanechnikov,body,epanechnikov,0.551,20.040042351293366,0.26875,Guanacaste_PRODUCTIVO
18.8935176061481,0.3183987851444633,KDE-epanechnikov,body,epanechnikov,0.551,20.040042351293366,0.26875,Guanacaste_PRODUCTIVO
18.90555525524257,0.31787128226305345,KDE-epanechnikov,body,epanechnikov,0.551,20.040042351293366,0.26875,Guanacaste_PRODUCTIVO
18.91759290433704,0.31732884999489946,KDE-epanechnikov,body,epanechnikov,0.551,20.040042351293366,0.26875,Guanacaste_PRODUCTIVO
18.929630553431515,0.3166090118681921,KDE-epanechnikov,body,epanechnikov,0.551,20.040042351293366,0.26875,Guanacaste_PRODUCTIVO
18.94166820252599,0.315924971306058,KDE-epanechnikov,body,epanechnikov,0.551,20.040042351293366,0.26875,Guanacaste_PRODUCTIVO
18.95370585162046,0.31515429181787546,KDE-epanechnikov,body,epanechnikov,0.551,20.040042351293366,0.26875,Guanacaste_PRODUCTIVO
18.96574350071493,0.31424852902557593,KDE-epanechnikov,body,epanechnikov,0.551,20.040042351293366,0.26875,Guanacaste_PRODUCTIVO
18.977781149809402,0.3135529831658302,KDE-epanechnikov,body,epanechnikov,0.551,20.040042351293366,0.26875,Guanacaste_PRODUCTIVO
18.989818798903872,0.3131099567223682,KDE-epanechnikov,body,epanechnikov,0.551,20.040042351293366,0.26875,Guanacaste_PRODUCTIVO
19.001856447998343,0.31248490270422324,KDE-epanechnikov,body,epanechnikov,0.551,20.040042351293366,0.26875,Guanacaste_PRODUCTIVO
19.013894097092816,0.311645752939005,KDE-epanechnikov,body,epanechnikov,0.551,20.040042351293366,0.26875,Guanacaste_PRODUCTIVO
19.025931746187286,0.3106343326747036,KDE-epanechnikov,body,epanechnikov,0.551,20.040042351293366,0.26875,Guanacaste_PRODUCTIVO
19.03796939528176,0.30942167456233016,KDE-epanechnikov,body,epanechnikov,0.551,20.040042351293366,0.26875,Guanacaste_PRODUCTIVO
19.05000704437623,0.308153208676499,KDE-epanechnikov,body,epanechnikov,0.551,20.040042351293366,0.26875,Guanacaste_PRODUCTIVO
19.062044693470703,0.30682779972187263,KDE-epanechnikov,body,epanechnikov,0.551,20.040042351293366,0.26875,Guanacaste_PRODUCTIVO
19.074082342565173,0.3055376248940428,KDE-epanechnikov,body,epanechnikov,0.551,20.040042351293366,0.26875,Guanacaste_PRODUCTIVO
19.086119991659643,0.30426425377837435,KDE-epanechnikov,body,epanechnikov,0.551,20.040042351293366,0.26875,Guanacaste_PRODUCTIVO
19.098157640754117,0.30281495933659236,KDE-epanechnikov,body,epanechnikov,0.551,20.040042351293366,0.26875,Guanacaste_PRODUCTIVO
19.110195289848587,0.30130468669517324,KDE-epanechnikov,body,epanechnikov,0.551,20.040042351293366,0.26875,Guanacaste_PRODUCTIVO
19.12223293894306,0.29973983229643564,KDE-epanechnikov,body,epanechnikov,0.551,20.040042351293366,0.26875,Guanacaste_PRODUCTIVO
19.13427058803753,0.29824305693186554,KDE-epanechnikov,body,epanechnikov,0.551,20.040042351293366,0.26875,Guanacaste_PRODUCTIVO
19.146308237132004,0.2978958670801554,KDE-epanechnikov,body,epanechnikov,0.551,20.040042351293366,0.26875,Guanacaste_PRODUCTIVO
19.158345886226474,0.2973294214974501,KDE-epanechnikov,body,epanechnikov,0.551,20.040042351293366,0.26875,Guanacaste_PRODUCTIVO
19.170383535320944,0.2965866017063476,KDE-epanechnikov,body,epanechnikov,0.551,20.040042351293366,0.26875,Guanacaste_PRODUCTIVO
19.182421184415418,0.29575795346391426,KDE-epanechnikov,body,epanechnikov,0.551,20.040042351293366,0.26875,Guanacaste_PRODUCTIVO
19.194458833509888,0.29479540622536027,KDE-epanechnikov,body,epanechnikov,0.551,20.040042351293366,0.26875,Guanacaste_PRODUCTIVO
19.206496482604358,0.29385392400608773,KDE-epanechnikov,body,epanechnikov,0.551,20.040042351293366,0.26875,Guanacaste_PRODUCTIVO
19.21853413169883,0.2928448029140256,KDE-epanechnikov,body,epanechnikov,0.551,20.040042351293366,0.26875,Guanacaste_PRODUCTIVO
19.230571780793305,0.2916990968615725,KDE-epanechnikov,body,epanechnikov,0.551,20.040042351293366,0.26875,Guanacaste_PRODUCTIVO
19.242609429887775,0.2905700609864425,KDE-epanechnikov,body,epanechnikov,0.551,20.040042351293366,0.26875,Guanacaste_PRODUCTIVO
19.254647078982245,0.2893149680876529,KDE-epanechnikov,body,epanechnikov,0.551,20.040042351293366,0.26875,Guanacaste_PRODUCTIVO
19.26668472807672,0.28786339882252515,KDE-epanechnikov,body,epanechnikov,0.551,20.040042351293366,0.26875,Guanacaste_PRODUCTIVO
19.27872237717119,0.2865545973441514,KDE-epanechnikov,body,epanechnikov,0.551,20.040042351293366,0.26875,Guanacaste_PRODUCTIVO
19.29076002626566,0.28513260779774996,KDE-epanechnikov,body,epanechnikov,0.551,20.040042351293366,0.26875,Guanacaste_PRODUCTIVO
19.302797675360132,0.28351593934455555,KDE-epanechnikov,body,epanechnikov,0.551,20.040042351293366,0.26875,Guanacaste_PRODUCTIVO
19.314835324454602,0.2819312264261244,KDE-epanechnikov,body,epanechnikov,0.551,20.040042351293366,0.26875,Guanacaste_PRODUCTIVO
19.326872973549076,0.28032665142452856,KDE-epanechnikov,body,epanechnikov,0.551,20.040042351293366,0.26875,Guanacaste_PRODUCTIVO
19.338910622643546,0.2785660032387334,KDE-epanechnikov,body,epanechnikov,0.551,20.040042351293366,0.26875,Guanacaste_PRODUCTIVO
19.35094827173802,0.276658172417645,KDE-epanechnikov,body,epanechnikov,0.551,20.040042351293366,0.26875,Guanacaste_PRODUCTIVO
19.36298592083249,0.27454886063503287,KDE-epanechnikov,body,epanechnikov,0.551,20.040042351293366,0.26875,Guanacaste_PRODUCTIVO
19.37502356992696,0.27229147288336997,KDE-epanechnikov,body,epanechnikov,0.551,20.040042351293366,0.26875,Guanacaste_PRODUCTIVO
19.387061219021433,0.2700469137317526,KDE-epanechnikov,body,epanechnikov,0.551,20.040042351293366,0.26875,Guanacaste_PRODUCTIVO
19.399098868115903,0.2677639827316396,KDE-epanechnikov,body,epanechnikov,0.551,20.040042351293366,0.26875,Guanacaste_PRODUCTIVO
19.411136517210373,0.2653184876357639,KDE-epanechnikov,body,epanechnikov,0.551,20.040042351293366,0.26875,Guanacaste_PRODUCTIVO
19.423174166304847,0.26280928394544245,KDE-epanechnikov,body,epanechnikov,0.551,20.040042351293366,0.26875,Guanacaste_PRODUCTIVO
19.43521181539932,0.2602805317335059,KDE-epanechnikov,body,epanechnikov,0.551,20.040042351293366,0.26875,Guanacaste_PRODUCTIVO
19.44724946449379,0.25752793455106127,KDE-epanechnikov,body,epanechnikov,0.551,20.040042351293366,0.26875,Guanacaste_PRODUCTIVO
19.45928711358826,0.2546439450879947,KDE-epanechnikov,body,epanechnikov,0.551,20.040042351293366,0.26875,Guanacaste_PRODUCTIVO
19.471324762682734,0.2526093682724296,KDE-epanechnikov,body,epanechnikov,0.551,20.040042351293366,0.26875,Guanacaste_PRODUCTIVO
19.483362411777204,0.25114475257325003,KDE-epanechnikov,body,epanechnikov,0.551,20.040042351293366,0.26875,Guanacaste_PRODUCTIVO
19.495400060871674,0.2496249719798666,KDE-epanechnikov,body,epanechnikov,0.551,20.040042351293366,0.26875,Guanacaste_PRODUCTIVO
19.507437709966148,0.24802483906523198,KDE-epanechnikov,body,epanechnikov,0.551,20.040042351293366,0.26875,Guanacaste_PRODUCTIVO
19.519475359060618,0.24762063159112244,KDE-epanechnikov,body,epanechnikov,0.551,20.040042351293366,0.26875,Guanacaste_PRODUCTIVO
19.53151300815509,0.24700556838174986,KDE-epanechnikov,body,epanechnikov,0.551,20.040042351293366,0.26875,Guanacaste_PRODUCTIVO
19.54355065724956,0.24610126871847826,KDE-epanechnikov,body,epanechnikov,0.551,20.040042351293366,0.26875,Guanacaste_PRODUCTIVO
19.555588306344035,0.2450085216220019,KDE-epanechnikov,body,epanechnikov,0.551,20.040042351293366,0.26875,Guanacaste_PRODUCTIVO
19.567625955438505,0.24388265375955023,KDE-epanechnikov,body,epanechnikov,0.551,20.040042351293366,0.26875,Guanacaste_PRODUCTIVO
19.579663604532975,0.24257605359075002,KDE-epanechnikov,body,epanechnikov,0.551,20.040042351293366,0.26875,Guanacaste_PRODUCTIVO
19.59170125362745,0.24116478909179387,KDE-epanechnikov,body,epanechnikov,0.551,20.040042351293366,0.26875,Guanacaste_PRODUCTIVO
19.60373890272192,0.2397226900756506,KDE-epanechnikov,body,epanechnikov,0.551,20.040042351293366,0.26875,Guanacaste_PRODUCTIVO
19.61577655181639,0.2381660742045868,KDE-epanechnikov,body,epanechnikov,0.551,20.040042351293366,0.26875,Guanacaste_PRODUCTIVO
19.627814200910862,0.23652866005507303,KDE-epanechnikov,body,epanechnikov,0.551,20.040042351293366,0.26875,Guanacaste_PRODUCTIVO
19.639851850005336,0.23468687041664474,KDE-epanechnikov,body,epanechnikov,0.551,20.040042351293366,0.26875,Guanacaste_PRODUCTIVO
19.651889499099806,0.2325710596412041,KDE-epanechnikov,body,epanechnikov,0.551,20.040042351293366,0.26875,Guanacaste_PRODUCTIVO
19.663927148194276,0.23028757001791061,KDE-epanechnikov,body,epanechnikov,0.551,20.040042351293366,0.26875,Guanacaste_PRODUCTIVO
19.67596479728875,0.22805988202031974,KDE-epanechnikov,body,epanechnikov,0.551,20.040042351293366,0.26875,Guanacaste_PRODUCTIVO
19.68800244638322,0.22573321701882357,KDE-epanechnikov,body,epanechnikov,0.551,20.040042351293366,0.26875,Guanacaste_PRODUCTIVO
19.70004009547769,0.22334536774641295,KDE-epanechnikov,body,epanechnikov,0.551,20.040042351293366,0.26875,Guanacaste_PRODUCTIVO
19.712077744572163,0.2209359141466871,KDE-epanechnikov,body,epanechnikov,0.551,20.040042351293366,0.26875,Guanacaste_PRODUCTIVO
19.724115393666633,0.2183900969067222,KDE-epanechnikov,body,epanechnikov,0.551,20.040042351293366,0.26875,Guanacaste_PRODUCTIVO
19.736153042761106,0.2156332670121989,KDE-epanechnikov,body,epanechnikov,0.551,20.040042351293366,0.26875,Guanacaste_PRODUCTIVO
19.748190691855577,0.21267129336630466,KDE-epanechnikov,body,epanechnikov,0.551,20.040042351293366,0.26875,Guanacaste_PRODUCTIVO
19.76022834095005,0.20952536292950905,KDE-epanechnikov,body,epanechnikov,0.551,20.040042351293366,0.26875,Guanacaste_PRODUCTIVO
19.77226599004452,0.206267391613545,KDE-epanechnikov,body,epanechnikov,0.551,20.040042351293366,0.26875,Guanacaste_PRODUCTIVO
19.78430363913899,0.20300370143173668,KDE-epanechnikov,body,epanechnikov,0.551,20.040042351293366,0.26875,Guanacaste_PRODUCTIVO
19.796341288233464,0.19963446037382973,KDE-epanechnikov,body,epanechnikov,0.551,20.040042351293366,0.26875,Guanacaste_PRODUCTIVO
19.808378937327934,0.1961902731987531,KDE-epanechnikov,body,epanechnikov,0.551,20.040042351293366,0.26875,Guanacaste_PRODUCTIVO
19.820416586422407,0.19271199543588205,KDE-epanechnikov,body,epanechnikov,0.551,20.040042351293366,0.26875,Guanacaste_PRODUCTIVO
19.832454235516877,0.189200860095852,KDE-epanechnikov,body,epanechnikov,0.551,20.040042351293366,0.26875,Guanacaste_PRODUCTIVO
19.84449188461135,0.1854890199758248,KDE-epanechnikov,body,epanechnikov,0.551,20.040042351293366,0.26875,Guanacaste_PRODUCTIVO
19.85652953370582,0.18159664097858352,KDE-epanechnikov,body,epanechnikov,0.551,20.040042351293366,0.26875,Guanacaste_PRODUCTIVO
19.86856718280029,0.1775800258288255,KDE-epanechnikov,body,epanechnikov,0.551,20.040042351293366,0.26875,Guanacaste_PRODUCTIVO
19.880604831894765,0.17357993296605412,KDE-epanechnikov,body,epanechnikov,0.551,20.040042351293366,0.26875,Guanacaste_PRODUCTIVO
19.892642480989235,0.16962812057694954,KDE-epanechnikov,body,epanechnikov,0.551,20.040042351293366,0.26875,Guanacaste_PRODUCTIVO
19.904680130083705,0.16591235269110285,KDE-epanechnikov,body,epanechnikov,0.551,20.040042351293366,0.26875,Guanacaste_PRODUCTIVO
19.916717779178178,0.16214635146358866,KDE-epanechnikov,body,epanechnikov,0.551,20.040042351293366,0.26875,Guanacaste_PRODUCTIVO
19.928755428272652,0.15823087460462867,KDE-epanechnikov,body,epanechnikov,0.551,20.040042351293366,0.26875,Guanacaste_PRODUCTIVO
19.940793077367122,0.15416622582166928,KDE-epanechnikov,body,epanechnikov,0.551,20.040042351293366,0.26875,Guanacaste_PRODUCTIVO
19.952830726461592,0.15011641065541784,KDE-epanechnikov,body,epanechnikov,0.551,20.040042351293366,0.26875,Guanacaste_PRODUCTIVO
19.964868375556065,0.1460589486532842,KDE-epanechnikov,body,epanechnikov,0.551,20.040042351293366,0.26875,Guanacaste_PRODUCTIVO
19.976906024650535,0.1419769462709893,KDE-epanechnikov,body,epanechnikov,0.551,20.040042351293366,0.26875,Guanacaste_PRODUCTIVO
19.988943673745005,0.13779643004143163,KDE-epanechnikov,body,epanechnikov,0.551,20.040042351293366,0.26875,Guanacaste_PRODUCTIVO
20.00098132283948,0.1334956442226745,KDE-epanechnikov,body,epanechnikov,0.551,20.040042351293366,0.26875,Guanacaste_PRODUCTIVO
20.01301897193395,0.12921685955098047,KDE-epanechnikov,body,epanechnikov,0.551,20.040042351293366,0.26875,Guanacaste_PRODUCTIVO
20.025056621028423,0.12490697779352129,KDE-epanechnikov,body,epanechnikov,0.551,20.040042351293366,0.26875,Guanacaste_PRODUCTIVO
20.037094270122893,0.12054772221529216,KDE-epanechnikov,body,epanechnikov,0.551,20.040042351293366,0.26875,Guanacaste_PRODUCTIVO
